relation_label,Middle_LR,Middle_SVC,Left_LR,Left_SVC,Right_LR,Right_SVC
adjoins,0.9258361609306835,0.88631090487239,0.9253012048192771,0.9006066262249184,0.8577878103837471,0.8214747736093144
capital,0.972222222222222,0.9510869565217391,0.8928571428571429,0.8750000000000002,0.8152173913043477,0.7630813953488372
contains,0.9923537234042553,0.9953791920731707,0.9912730032251943,0.9913220789074356,0.9860980207351556,0.9882347382347383
has_spouse,0.9917212832011038,0.9972251127297954,0.9917212832011038,0.99584343609283,0.9650889560255119,0.9755683746182557
nationality,0.9836601307189543,0.9888304862023654,0.9785435630689207,0.9810951760104304,0.9324659231722431,0.9324659231722431
place_of_birth,0.9849157054125997,0.9955156950672646,0.9814323607427057,0.9849157054125997,0.9288702928870293,0.9414758269720102
place_of_death,0.9797724399494311,0.9897828863346104,0.9748427672955975,0.9797724399494311,0.9022118742724098,0.9106933019976498
worked_at,0.987460815047022,0.9968354430379747,0.9782608695652174,0.987460815047022,0.9402985074626866,0.9431137724550899
